code,rang,Pays ou territoire
1,1,Nouvelle-Zelande
2,1,Danemark
3,3,Finlande
4,3,Suisse
5,3,Singapour
6,3,Suede
7,7,Norvege
8,8,Pays-Bas
9,9,Luxembourg
10,9,Allemagne
11,11,Canada
12,11,Royaume-Uni
13,11,Australie
14,11,Hong-Kong
15,15,Autriche
16,15,Belgique
17,17,Islande
18,17,Estonie
19,19,Japon
20,20,Irlande
21,21,Emirats arabes unis
22,21,Uruguay
23,23,France
24,24,Bhoutan
25,25,etats-Unis
26,25,Chili
27,27,Seychelles
28,28,Taiwan
29,29,Barbade
30,30,Bahamas
31,30,Qatar
32,32,Espagne
33,33,Portugal
34,33,Coree du Sud
35,35,Botswana
36,35,Brunei
37,35,Israel
38,35,Slovenie
39,35,Lituanie
40,40,Saint-Vincent-et-les-Grenadines
41,41,Cap-Vert
42,42,Chypre
43,42,Costa Rica
44,42,Lettonie
45,45,Pologne
46,45,Georgie
47,45,Sainte-Lucie
48,48,Dominique
49,49,Tchequie
50,49,Rwanda
51,49,Oman
52,52,Malte
53,52,Grenade
54,52,Italie
55,52,Arabie saoudite
56,52,Maurice
57,57,Malaisie
58,57,Namibie
59,59,Grece
60,60,Slovaquie
61,60,Jordanie
62,60,Armenie
63,63,Cuba
64,63,Croatie
65,63,Sao Tome-et-Principe
66,63,Bielorussie
67,67,Montenegro
68,67,Senegal
69,69,Roumanie
70,69,Hongrie
71,69,Afrique du Sud
72,69,Jamaïque
73,69,Bulgarie
74,69,Tunisie
75,75,Vanuatu
76,75,Ghana
77,75,Maldives
78,78,Argentine
79,78,iles Salomon
80,78,Bahrein
81,78,Chine
82,78,Koweit
83,83,Benin
84,83,Lesotho
85,83,Guyana
86,86,Maroc
87,86,Inde
88,86,Burkina Faso
89,86,Trinite-et-Tobago
90,86,Turquie
91,86,Timor oriental
92,92,Equateur
93,92,Colombie
94,94,Suriname
95,94,Serbie
96,94,Sri Lanka
97,94,Tanzanie
98,94,ethiopie
99,94,Perou
100,94,Bresil
101,94,Kazakhstan
102,102,Indonesie
103,102,Gambie
104,104,Vietnam
105,104,Kosovo
106,104,Thailande
107,104,Albanie
108,104,Côte d'Ivoire
109,104,Algerie
110,104,Salvador
111,111,Bosnie-et-Herzegovine
112,111,Panama
113,111,Mongolie
114,111,Macedoine du Nord
115,115,Philippines
116,115,Moldavie
117,117,Egypte
118,117,Swaziland
119,117,Zambie
120,117,Nepal
121,117,Sierra Leone
122,117,Ukraine
123,117,Niger
124,124,Pakistan
125,124,Bolivie
126,124,Kirghizstan
127,124,Mexique
128,124,Kenya
129,129,Gabon
130,129,Malawi
131,129,Azerbaidjan
132,129,Mali
133,129,Russie
134,134,Togo
135,134,Laos
136,137,Mauritanie
137,137,Birmanie
138,137,Guinee
139,137,Liberia
140,137,Republique dominicaine
141,137,Paraguay
142,142,Djibouti
143,142,Papouasie-Nouvelle-Guinee
144,142,Ouganda
145,142,Angola
146,146,Bangladesh
147,146,Centrafrique
148,146,Ouzbekistan
149,149,Liban
150,149,Iran
151,149,Guatemala
152,149,Nigeria
153,149,Mozambique
154,149,Cameroun
155,149,Tadjikistan
156,149,Madagascar
157,157,Honduras
158,157,Zimbabwe
159,159,Nicaragua
160,160,Comores
161,160,Erythree
162,160,Cambodge
163,160,Tchad
164,160,Irak
165,165,Burundi
166,165,Congo-Brazzaville
167,165,Turkmenistan
168,165,Guinee-Bissau
169,165,Afghanistan
170,170,Haiti
171,170,Congo-Kinshasa
172,170,Coree du Nord
173,173,Libye
174,174,Guinee equatoriale
175,174,Soudan
176,176,Venezuela
177,176,Yemen
178,178,Syrie
179,179,Sud-Soudan
180,179,Somalie
