code_nat,nationalite
1,Afghanistan
2,Afrique_Centrale
3,Afrique du Sud
4,Albanie
5,Algerie
6,Allemagne
7,Andorre
8,Angola
9,Arabie Saoudite
10,Argentine
11,Aruba
12,Armenie
13,Australie
14,Autriche
15,Azerbaidjan
16,Bahamas
17,Bahrain
18,Bangladesh
19,Barbade
20,Belarus
21,Birmanie
22,Belgique
23,Belize
24,Benin
25,Bhutan
26,Bermude
27,Bolivia
28,Botswana
29,Bhoutan
30,Bosnia and Herzegovina
31,Brazil
32,Brunei
33,Bulgarie
34,Burkina_Faso
35,Burundi
36,Caiman
37,Cambodge
38,Cameroon
39,Canada
40,Canaries
41,Cape Verde
42,Chile
43,China
44,Chypre
45,Colombia
46,Cambodia
47,Comores
48,Congo
49,The Democratic Republic Of The Congo
50,Cook Islands
51,Central African
52,Chad
53,Costa Rica
54,Croatia
55,Cuba
56,Denmark
57,Djibouti
58,Dominican Republic
59,Egypte
60,Emirats_Arabes_Unis
61,Ecuador
62,Erythree
63,Espagne
64,Estonia
65,Etats_Unis
66,Ethiopia
67,Falkland
68,Faroe Islands
69,Fiji
70,Finland
71,France
72,Gabon
73,Gambia
74,Georgia
75,Germany
76,Ghana
77,Gibraltar
78,Greece
79,Grenada
80,Greenland
81,Guadeloupe
82,Guam
83,Guatemala
84,Guernesey
85,Guinea
86,Guinee_Bissau
87,Guinee equatoriale
88,Guyana
89,Guyane_Francaise
90,Haiti
91,Hawaii
92,Honduras
93,Hong Kong
94,Hungary
95,India
96,Indonesia
97,Iran
98,Iraq
99,Ireland
100,Islande
101,Israel
102,Italy
103,Jamaica
104,Jan Mayen
105,Japan
106,Jersey
107,Jordan
108,Kazakhstan
109,Kenya
110,Kyrgyzstan
111,Kiribati
112,Kuwait
113,Lao People s Democratic Republic
114,Lesotho
115,Lithuania
116,Lebanon
117,Liberia
118,Liechtenstein
119,Lituanie
120,Luxembourg
121,Lybie
122,Macao
123,Macedoine
124,Madagascar
125,Madere
126,Malaisie
127,Malawi
128,Maldives
129,Mali
130,Malta
131,Man
132,Mariannes du Nord
133,Maroc
134,Marshall
135,Martinique
136,Maurice
137,Mauritanie
138,Mayotte
139,Mexique
140,Micronesie
141,Midway
142,Moldavie
143,Monaco
144,Mongolie
145,Montserrat
146,Mozambique
147,Namibia
148,Nauru
149,Nepal
150,Nicaragua
151,Niger
152,Nigeria
153,Niue
154,Norfolk
155,Norvege
156,New Caledonia
157,New Zealand
158,Oman
159,Ouganda
160,Ouzbekistan
161,Pakistan
162,Palau
163,Palestine
164,Panama
165,Papouasie_Nouvelle_Guinee
166,Paraguay
167,Pays_Bas
168,Peru
169,Philippines
170,Pologne
171,Polynesie
172,Puerto Rico
173,Portugal
174,Qatar
175,Republique_Dominicaine
176,Republique_Tcheque
177,Reunion
178,Romania
179,Royaume_Uni
180,Russian
181,Rwanda
182,Sahara Occidental
183,Sainte_Lucie
184,Saint_Marin
185,Salomon
186,Salvador
187,Samoa_Occidentales
188,Samoa_Americaine
189,Sao Tome and Principe
190,Senegal
191,Seychelles
192,Sierra Leone
193,Singapore
194,Slovakia
195,Slovenia
196,Somalia
197,Sudan
198,Sri_Lanka
199,Sweden
200,Switzerland
201,Surinam
202,Swaziland
203,Syrie
204,Tajikistan
205,Taiwan
206,Tonga
207,Tanzanie
208,Tchad
209,Thailand
210,Tibet
211,Timor_Oriental
212,Togo
213,Trinidad and Tobago
214,Tristan da cunha
215,Tunisia
216,Turkmenistan
217,Turkey
218,Ukraine
219,Uganda
220,Vanuatu
221,Vatican
222,Venezuela
223,Vierges_Americaines
224,Vierges_Britanniques
225,Vietnam
226,Wake
227,Wallis and Futuna
228,Yemen
229,Yougoslavie
230,Zambia
231,Zimbabwe
